"identity","holdState","residualFamily","relativeDiagnosticRoot","bfEligibleCandidateCount","dfEligibleCandidateCount","pairedCandidateCount","bfMorphologyAnglesDegrees","dfMorphologyAnglesDegrees","bfInlierFraction","bfCoverageFraction","bfRmsResidualPx","dfInlierFraction","dfCoverageFraction","dfRmsResidualPx","patternSuppression","sourceMutationPerformed"
"Coherent_W2W\Lot_62626-015\62626-015_20260728162412\Slot04|BACK","HOLD_BACK_NOTCH_NOT_FOUND","BF_ONLY_ELIGIBLE","_ArgosReview/C15RUN2/i/Coherent_W2W_Lot_62626-015_62626-015_20260_9cbb705356/back_notch","1","0","0","179.7","","0.9639159083777847","0.9722222222222222","1.0453324411540053","0.8665697674418604","0.9861111111111112","1.8565841374069854","FULL_360_OUTERMOST_DARK_EXTERIOR_BOUNDARY_BOTH_CHANNELS","False"
"Coherent_W2W\Lot_62626-015\62626-015_20260728162412\Slot06|BACK","HOLD_BACK_NOTCH_NOT_FOUND","BF_ONLY_ELIGIBLE","_ArgosReview/C15RUN2/i/Coherent_W2W_Lot_62626-015_62626-015_20260_ecc18ee95b/back_notch","1","0","0","179.8","","0.9735547355473555","0.9861111111111112","0.9775883283976624","0.9162288382953883","0.9861111111111112","3.171897850518061","FULL_360_OUTERMOST_DARK_EXTERIOR_BOUNDARY_BOTH_CHANNELS","False"
"Coherent_W2W\Lot_62626-015\62626-015_20260728162412\Slot07|BACK","HOLD_BACK_NOTCH_NOT_FOUND","BF_ONLY_ELIGIBLE","_ArgosReview/C15RUN2/i/Coherent_W2W_Lot_62626-015_62626-015_20260_df5002c510/back_notch","1","0","0","179.8","","0.9670971709717097","0.9861111111111112","1.1365804686448808","0.8598837209302326","0.9583333333333334","2.0018834543898194","FULL_360_OUTERMOST_DARK_EXTERIOR_BOUNDARY_BOTH_CHANNELS","False"
"Coherent_W2W\Lot_62626-015\62626-015_20260728180702\Slot03|BACK","HOLD_BACK_NOTCH_NOT_FOUND","BF_ONLY_ELIGIBLE","_ArgosReview/C15RUN2/i/Coherent_W2W_Lot_62626-015_62626-015_20260_2c0bb1b614/back_notch","1","0","0","179.9","","0.9572964669738864","0.9722222222222222","1.1537538855291964","0.8619982420158219","0.9444444444444444","2.181233613135751","FULL_360_OUTERMOST_DARK_EXTERIOR_BOUNDARY_BOTH_CHANNELS","False"
"Coherent_W2W\Lot_62626-015\62626-015_20260728180702\Slot04|BACK","HOLD_BACK_NOTCH_NOT_FOUND","BF_ONLY_ELIGIBLE","_ArgosReview/C15RUN2/i/Coherent_W2W_Lot_62626-015_62626-015_20260_3ddd920b89/back_notch","1","0","0","179.8","","0.9574601188614326","0.9722222222222222","1.16887754468546","0.8608518086347725","0.9722222222222222","1.8911542545748503","FULL_360_OUTERMOST_DARK_EXTERIOR_BOUNDARY_BOTH_CHANNELS","False"
"Coherent_W2W\Lot_62626-015\62626-015_20260728180702\Slot05|BACK","HOLD_BACK_NOTCH_NOT_FOUND","BF_ONLY_ELIGIBLE","_ArgosReview/C15RUN2/i/Coherent_W2W_Lot_62626-015_62626-015_20260_6babb68d89/back_notch","1","0","0","179.9","","0.9638854296388543","0.9722222222222222","1.4133899838786979","0.8473193473193473","0.9305555555555556","1.8491784694524747","FULL_360_OUTERMOST_DARK_EXTERIOR_BOUNDARY_BOTH_CHANNELS","False"
"Coherent_W2W\Lot_62626-015\62626-015_20260728180702\Slot07|BACK","HOLD_BACK_NOTCH_NOT_FOUND","BF_ONLY_ELIGIBLE","_ArgosReview/C15RUN2/i/Coherent_W2W_Lot_62626-015_62626-015_20260_0707175dad/back_notch","1","0","0","179.9","","0.9559099437148217","0.9722222222222222","1.2031702800998907","0.8533100029163021","0.9583333333333334","2.047896152314683","FULL_360_OUTERMOST_DARK_EXTERIOR_BOUNDARY_BOTH_CHANNELS","False"
"Coherent_W2W\Lot_62626-015\62626-015_20260728180702\Slot09|BACK","HOLD_BACK_NOTCH_NOT_FOUND","BF_ONLY_ELIGIBLE","_ArgosReview/C15RUN2/i/Coherent_W2W_Lot_62626-015_62626-015_20260_5cb6fcec38/back_notch","1","0","0","180","","0.9434542102028273","0.9722222222222222","1.1139081294257536","0.9128250591016549","0.9861111111111112","2.469870301057655","FULL_360_OUTERMOST_DARK_EXTERIOR_BOUNDARY_BOTH_CHANNELS","False"
"Coherent_W2W\Lot_62627-127\62627-127_20260729061029\Slot18|BACK","HOLD_BACK_NOTCH_NOT_FOUND","BF_ONLY_ELIGIBLE","_ArgosReview/C15RUN2/i/Coherent_W2W_Lot_62627-127_62627-127_20260_15e9df8974/back_notch","1","0","0","179.8","","0.9648581997533908","0.9861111111111112","0.9874318509790493","0.9662475181998676","0.9305555555555556","1.824507957911575","FULL_360_OUTERMOST_DARK_EXTERIOR_BOUNDARY_BOTH_CHANNELS","False"
"Coherent_W2W\Lot_62628-233\62628-233_20260729052723\Slot16|BACK","HOLD_BACK_NOTCH_NOT_FOUND","BF_ONLY_ELIGIBLE","_ArgosReview/C15RUN2/i/Coherent_W2W_Lot_62628-233_62628-233_20260_802ed9f90e/back_notch","1","0","0","180.2","","0.9099697885196375","0.9861111111111112","0.7635964749082526","0.9692307692307692","0.9444444444444444","1.591887938346149","FULL_360_OUTERMOST_DARK_EXTERIOR_BOUNDARY_BOTH_CHANNELS","False"
"Coherent_W2W\Lot_62628-233\62628-233_20260729052723\Slot18|BACK","HOLD_BACK_NOTCH_NOT_FOUND","BF_ONLY_ELIGIBLE","_ArgosReview/C15RUN2/i/Coherent_W2W_Lot_62628-233_62628-233_20260_7f7d64f386/back_notch","1","0","0","180.1","","0.9445277361319341","0.9861111111111112","0.8526053736046459","0.965528781793842","0.9027777777777778","1.5136164304361683","FULL_360_OUTERMOST_DARK_EXTERIOR_BOUNDARY_BOTH_CHANNELS","False"
"Coherent_W2W\Lot_62628-233\62628-233_20260729052723\Slot21|BACK","HOLD_BACK_NOTCH_NOT_FOUND","BF_ONLY_ELIGIBLE","_ArgosReview/C15RUN2/i/Coherent_W2W_Lot_62628-233_62628-233_20260_6bbdcca9d3/back_notch","1","0","0","180.1","","0.9559270516717325","0.9861111111111112","0.8399530029205955","0.969179229480737","0.9305555555555556","1.7294318060994027","FULL_360_OUTERMOST_DARK_EXTERIOR_BOUNDARY_BOTH_CHANNELS","False"
"Coherent_W2W\Lot_62628-233\62628-233_20260729052723\Slot22|BACK","HOLD_BACK_NOTCH_NOT_FOUND","BF_ONLY_ELIGIBLE","_ArgosReview/C15RUN2/i/Coherent_W2W_Lot_62628-233_62628-233_20260_4d8c407f5d/back_notch","1","0","0","180","","0.9499847514486124","0.9861111111111112","0.8445884282943799","0.9697783747481531","0.9444444444444444","1.5608355239687142","FULL_360_OUTERMOST_DARK_EXTERIOR_BOUNDARY_BOTH_CHANNELS","False"
"Coherent_W2W\Lot_62628-233\62628-233_20260729063218\Slot19|BACK","HOLD_BACK_NOTCH_NOT_FOUND","BF_ONLY_ELIGIBLE","_ArgosReview/C15RUN2/i/Coherent_W2W_Lot_62628-233_62628-233_20260_6be4485d4e/back_notch","1","0","0","178.7","","0.9395788831248093","0.9861111111111112","0.8764316223138953","0.9708542713567839","0.9166666666666666","1.7011685814809177","FULL_360_OUTERMOST_DARK_EXTERIOR_BOUNDARY_BOTH_CHANNELS","False"
"Coherent_W2W\Lot_62628-233\62628-233_20260729063218\Slot20|BACK","HOLD_BACK_NOTCH_NOT_FOUND","BF_ONLY_ELIGIBLE","_ArgosReview/C15RUN2/i/Coherent_W2W_Lot_62628-233_62628-233_20260_8adf6f40fd/back_notch","5","0","0","296.6;224.8;228.1;291.6;178.8","","0.9127653387612679","0.9861111111111112","0.9456907098988072","0.9431891542930924","0.9444444444444444","1.6320573438546089","FULL_360_OUTERMOST_DARK_EXTERIOR_BOUNDARY_BOTH_CHANNELS","False"
"Coherent_W2W\Lot_62628-233\62628-233_20260729063218\Slot21|BACK","HOLD_BACK_NOTCH_NOT_FOUND","BF_ONLY_ELIGIBLE","_ArgosReview/C15RUN2/i/Coherent_W2W_Lot_62628-233_62628-233_20260_3923c7cab0/back_notch","1","0","0","178.9","","0.9562575941676792","0.9861111111111112","0.8246320438567007","0.9695550351288056","0.9305555555555556","1.7110564308113207","FULL_360_OUTERMOST_DARK_EXTERIOR_BOUNDARY_BOTH_CHANNELS","False"
"PST_BRKFULLMETAL\Lot_LotIDStringNotSet\ProcessJob11\Slot18|BACK","HOLD_BACK_NOTCH_NOT_FOUND","BF_ONLY_ELIGIBLE","_ArgosReview/C15RUN2/i/PST_BRKFULLMETAL_Lot_LotIDStringNotSet_Pro_4ae1f255d5/back_notch","1","0","0","182.7","","0.948359659781288","0.9583333333333334","1.0560187521158189","0.8363939899833055","0.8472222222222222","2.495185412166572","FULL_360_OUTERMOST_DARK_EXTERIOR_BOUNDARY_BOTH_CHANNELS","False"
"PatternedFront\Lot_62628-281\62628-281_20260813112015\Slot02|BACK","HOLD_BACK_NOTCH_CHANNEL_ANALYSIS_FAILED","CHANNEL_ANALYSIS_WITH_UNIQUE_PAIR","_ArgosReview/C15RUN2/i/PatternedFront_Lot_62628-281_62628-281_202_a6ac72e796/back_notch","0","0","1","","","0","0","0","0","0","0","FULL_360_OUTERMOST_DARK_EXTERIOR_BOUNDARY_BOTH_CHANNELS","False"
"PatternedFront\Lot_62628-301\62628-301_20260818050927\Slot02|BACK","HOLD_BACK_NOTCH_CHANNEL_ANALYSIS_FAILED","CHANNEL_ANALYSIS_WITH_UNIQUE_PAIR","_ArgosReview/C15RUN2/i/PatternedFront_Lot_62628-301_62628-301_202_eb1fa806a6/back_notch","0","0","1","","","0","0","0","0","0","0","FULL_360_OUTERMOST_DARK_EXTERIOR_BOUNDARY_BOTH_CHANNELS","False"
"PatternedFront\Lot_62628-301\62628-301_20260818050927\Slot06|BACK","HOLD_BACK_NOTCH_CHANNEL_ANALYSIS_FAILED","CHANNEL_ANALYSIS_WITH_UNIQUE_PAIR","_ArgosReview/C15RUN2/i/PatternedFront_Lot_62628-301_62628-301_202_cefc523705/back_notch","0","0","1","","","0","0","0","0","0","0","FULL_360_OUTERMOST_DARK_EXTERIOR_BOUNDARY_BOTH_CHANNELS","False"
"PatternedFront\Lot_62628-301\62628-301_20260818050927\Slot08|BACK","HOLD_BACK_NOTCH_CHANNEL_ANALYSIS_FAILED","CHANNEL_ANALYSIS_WITH_UNIQUE_PAIR","_ArgosReview/C15RUN2/i/PatternedFront_Lot_62628-301_62628-301_202_85913976ab/back_notch","0","0","1","","","0","0","0","0","0","0","FULL_360_OUTERMOST_DARK_EXTERIOR_BOUNDARY_BOTH_CHANNELS","False"
"PatternedFront\Lot_62628-301\62628-301_20260818050927\Slot10|BACK","HOLD_BACK_NOTCH_CHANNEL_ANALYSIS_FAILED","CHANNEL_ANALYSIS_WITH_UNIQUE_PAIR","_ArgosReview/C15RUN2/i/PatternedFront_Lot_62628-301_62628-301_202_f4a1c66f53/back_notch","0","0","1","","","0","0","0","0","0","0","FULL_360_OUTERMOST_DARK_EXTERIOR_BOUNDARY_BOTH_CHANNELS","False"
"PatternedFront\Lot_62628-301\62628-301_20260818050927\Slot12|BACK","HOLD_BACK_NOTCH_CHANNEL_ANALYSIS_FAILED","CHANNEL_ANALYSIS_WITH_UNIQUE_PAIR","_ArgosReview/C15RUN2/i/PatternedFront_Lot_62628-301_62628-301_202_c49343e0ab/back_notch","0","0","1","","","0","0","0","0","0","0","FULL_360_OUTERMOST_DARK_EXTERIOR_BOUNDARY_BOTH_CHANNELS","False"
"PatternedFront\Lot_62628-301\62628-301_20260818050927\Slot14|BACK","HOLD_BACK_NOTCH_CHANNEL_ANALYSIS_FAILED","CHANNEL_ANALYSIS_WITH_UNIQUE_PAIR","_ArgosReview/C15RUN2/i/PatternedFront_Lot_62628-301_62628-301_202_a165d8522d/back_notch","0","0","1","","","0","0","0","0","0","0","FULL_360_OUTERMOST_DARK_EXTERIOR_BOUNDARY_BOTH_CHANNELS","False"
"PST_BRKFULLMETAL\Lot_LotIDStringNotSet\ProcessJob11\Slot21|BACK","HOLD_BACK_NOTCH_CHANNEL_ANALYSIS_FAILED","CHANNEL_ANALYSIS_WITHOUT_PAIR","_ArgosReview/C15RUN2/i/PST_BRKFULLMETAL_Lot_LotIDStringNotSet_Pro_a5ec03c6d4/back_notch","0","0","0","","","0","0","0","0","0","0","FULL_360_OUTERMOST_DARK_EXTERIOR_BOUNDARY_BOTH_CHANNELS","False"
"PST_BRKFULLMETAL\Lot_LotIDStringNotSet\ProcessJob11\Slot25|BACK","HOLD_BACK_NOTCH_CHANNEL_ANALYSIS_FAILED","CHANNEL_ANALYSIS_WITHOUT_PAIR","_ArgosReview/C15RUN2/i/PST_BRKFULLMETAL_Lot_LotIDStringNotSet_Pro_a9bfffc487/back_notch","0","0","0","","","0","0","0","0","0","0","FULL_360_OUTERMOST_DARK_EXTERIOR_BOUNDARY_BOTH_CHANNELS","False"
"PST_BRK_PATTERNED_BOWCOMP\Lot_62624-803\62624-803_20260720171228\Slot02|BACK","HOLD_BACK_NOTCH_NOT_FOUND","DF_ONLY_ELIGIBLE","_ArgosReview/C15RUN2/i/PST_BRK_PATTERNED_BOWCOMP_Lot_62624-803_62_77b695ed45/back_notch","0","2","0","","89.6034612456283;133.626296172153","0.9085956416464891","0.9722222222222222","1.5015841701821453","0.8983794733288318","0.9027777777777778","1.2760601068319093","FULL_360_OUTERMOST_DARK_EXTERIOR_BOUNDARY_BOTH_CHANNELS","False"
"PST_BRK_PATTERNED_BOWCOMP\Lot_62624-803\62624-803_20260720171228\Slot04|BACK","HOLD_BACK_NOTCH_NOT_FOUND","DF_ONLY_ELIGIBLE","_ArgosReview/C15RUN2/i/PST_BRK_PATTERNED_BOWCOMP_Lot_62624-803_62_8981042acb/back_notch","0","1","0","","89.6406054181231","0.9331269349845202","0.9583333333333334","1.2284287754041114","0.9272972063278357","0.9027777777777778","0.9985406479066591","FULL_360_OUTERMOST_DARK_EXTERIOR_BOUNDARY_BOTH_CHANNELS","False"
"PST_BRK_PATTERNED_BOWCOMP\Lot_62624-803\62624-803_20260720171228\Slot12|BACK","HOLD_BACK_NOTCH_NOT_FOUND","DF_ONLY_ELIGIBLE","_ArgosReview/C15RUN2/i/PST_BRK_PATTERNED_BOWCOMP_Lot_62624-803_62_d3def30fb9/back_notch","0","2","0","","89.7078943450011;133.725351766955","0.9228650137741047","0.9583333333333334","1.3552360224943327","0.9442544459644323","0.9166666666666666","1.0564062736521385","FULL_360_OUTERMOST_DARK_EXTERIOR_BOUNDARY_BOTH_CHANNELS","False"
"PST_BRK_PATTERNED_BOWCOMP\Lot_62624-803\62624-803_20260720171228\Slot14|BACK","HOLD_BACK_NOTCH_NOT_FOUND","DF_ONLY_ELIGIBLE","_ArgosReview/C15RUN2/i/PST_BRK_PATTERNED_BOWCOMP_Lot_62624-803_62_ac844e6365/back_notch","0","2","0","","90.2225396645067;133.499425966926","0.921604938271605","0.9722222222222222","1.2565569089942072","0.9194743935309974","0.9027777777777778","1.199975287659818","FULL_360_OUTERMOST_DARK_EXTERIOR_BOUNDARY_BOTH_CHANNELS","False"
"PST_BRK_PATTERNED_BOWCOMP\Lot_62624-803\62624-803_20260720171228\Slot20|BACK","HOLD_BACK_NOTCH_NOT_FOUND","DF_ONLY_ELIGIBLE","_ArgosReview/C15RUN2/i/PST_BRK_PATTERNED_BOWCOMP_Lot_62624-803_62_ae1f199942/back_notch","0","3","0","","9.90887084800483;90.387511253722;133.526879484375","0.9411949685534591","0.9861111111111112","1.0423676548113607","0.9462292864389584","0.9166666666666666","1.1594798881197916","FULL_360_OUTERMOST_DARK_EXTERIOR_BOUNDARY_BOTH_CHANNELS","False"
"PST_BRKFULLMETAL_BOWCOMP\Lot_62624-803\62624-803_20260720153252\Slot14|BACK","HOLD_BACK_NOTCH_NOT_FOUND","DF_ONLY_ELIGIBLE","_ArgosReview/C15RUN2/i/PST_BRKFULLMETAL_BOWCOMP_Lot_62624-803_626_75c1ebb0a5/back_notch","0","1","0","","90.2024506794919","0.9080600674226172","0.9444444444444444","1.5071673025810242","0.9205591544493692","0.8611111111111112","1.5327370099096032","FULL_360_OUTERMOST_DARK_EXTERIOR_BOUNDARY_BOTH_CHANNELS","False"
"PST_BRKFULLMETAL_BOWCOMP\Lot_62624-803\62624-803_20260720153252\Slot20|BACK","HOLD_BACK_NOTCH_NOT_FOUND","DF_ONLY_ELIGIBLE","_ArgosReview/C15RUN2/i/PST_BRKFULLMETAL_BOWCOMP_Lot_62624-803_626_ebf591a01e/back_notch","0","1","0","","90.4417245344782","0.9236067626800251","0.9583333333333334","1.365759708909801","0.9365456396335257","0.875","1.374855380689205","FULL_360_OUTERMOST_DARK_EXTERIOR_BOUNDARY_BOTH_CHANNELS","False"
"Coherent_W2W\Lot_62626-015\62626-015_20260728162412\Slot01|BACK","HOLD_BACK_NOTCH_NOT_FOUND","ELIGIBLE_CANDIDATES_DISAGREE","_ArgosReview/C15RUN2/i/Coherent_W2W_Lot_62626-015_62626-015_20260_bae412133f/back_notch","1","1","0","179.8","224.10917350423","0.9553296364756624","0.9861111111111112","1.10740572801555","0.8796728971962616","0.9722222222222222","1.772820722566603","FULL_360_OUTERMOST_DARK_EXTERIOR_BOUNDARY_BOTH_CHANNELS","False"
"Coherent_W2W\Lot_62626-015\62626-015_20260728162412\Slot02|BACK","HOLD_BACK_NOTCH_NOT_FOUND","ELIGIBLE_CANDIDATES_DISAGREE","_ArgosReview/C15RUN2/i/Coherent_W2W_Lot_62626-015_62626-015_20260_c6295830de/back_notch","1","1","0","179.7","224.085443972631","0.9540581929555896","0.9861111111111112","1.0757336286699322","0.8694008144269925","0.9583333333333334","2.075056521094031","FULL_360_OUTERMOST_DARK_EXTERIOR_BOUNDARY_BOTH_CHANNELS","False"
"Coherent_W2W\Lot_62626-015\62626-015_20260728162412\Slot03|BACK","HOLD_BACK_NOTCH_NOT_FOUND","ELIGIBLE_CANDIDATES_DISAGREE","_ArgosReview/C15RUN2/i/Coherent_W2W_Lot_62626-015_62626-015_20260_27c13fd63f/back_notch","1","1","0","179.7","224.105914395866","0.9611949491838621","0.9861111111111112","1.1497938489654194","0.8665309683047397","0.9583333333333334","2.0883794199898538","FULL_360_OUTERMOST_DARK_EXTERIOR_BOUNDARY_BOTH_CHANNELS","False"
"Coherent_W2W\Lot_62626-015\62626-015_20260728162412\Slot05|BACK","HOLD_BACK_NOTCH_NOT_FOUND","ELIGIBLE_CANDIDATES_DISAGREE","_ArgosReview/C15RUN2/i/Coherent_W2W_Lot_62626-015_62626-015_20260_8d01463ae8/back_notch","1","1","0","179.8","224.09119003808","0.9732420659614188","0.9861111111111112","1.3184072528198656","0.8534107402031931","0.9583333333333334","1.8998426096125538","FULL_360_OUTERMOST_DARK_EXTERIOR_BOUNDARY_BOTH_CHANNELS","False"
"Coherent_W2W\Lot_62626-015\62626-015_20260728162412\Slot08|BACK","HOLD_BACK_NOTCH_NOT_FOUND","ELIGIBLE_CANDIDATES_DISAGREE","_ArgosReview/C15RUN2/i/Coherent_W2W_Lot_62626-015_62626-015_20260_91bb58bd14/back_notch","1","2","0","179.8","133.405142342806;224.215906409434","0.9725223834516826","0.9861111111111112","1.3278017436054432","0.862882096069869","0.9722222222222222","1.7851756155353462","FULL_360_OUTERMOST_DARK_EXTERIOR_BOUNDARY_BOTH_CHANNELS","False"
"Coherent_W2W\Lot_62626-015\62626-015_20260728162412\Slot09|BACK","HOLD_BACK_NOTCH_NOT_FOUND","ELIGIBLE_CANDIDATES_DISAGREE","_ArgosReview/C15RUN2/i/Coherent_W2W_Lot_62626-015_62626-015_20260_bf8369df81/back_notch","1","1","0","179.8","224.190421085977","0.9594552770040236","0.9861111111111112","1.096204129763297","0.9009118541033435","0.9861111111111112","1.9146055113040952","FULL_360_OUTERMOST_DARK_EXTERIOR_BOUNDARY_BOTH_CHANNELS","False"
"Coherent_W2W\Lot_62626-015\62626-015_20260728162412\Slot10|BACK","HOLD_BACK_NOTCH_NOT_FOUND","ELIGIBLE_CANDIDATES_DISAGREE","_ArgosReview/C15RUN2/i/Coherent_W2W_Lot_62626-015_62626-015_20260_65d9aea69a/back_notch","1","2","0","179.6","133.404222474168;224.084480467199","0.9536161122978334","0.9861111111111112","1.1196926280145651","0.8578075021808665","0.9444444444444444","1.8248132557888788","FULL_360_OUTERMOST_DARK_EXTERIOR_BOUNDARY_BOTH_CHANNELS","False"
"Coherent_W2W\Lot_62626-015\62626-015_20260728180702\Slot01|BACK","HOLD_BACK_NOTCH_NOT_FOUND","ELIGIBLE_CANDIDATES_DISAGREE","_ArgosReview/C15RUN2/i/Coherent_W2W_Lot_62626-015_62626-015_20260_794099018e/back_notch","1","2","0","179.8","133.776841376223;170.796415074098","0.9523076923076923","0.9722222222222222","1.1123109035301508","0.8715461493239272","0.9861111111111112","1.8329643687413009","FULL_360_OUTERMOST_DARK_EXTERIOR_BOUNDARY_BOTH_CHANNELS","False"
"Coherent_W2W\Lot_62626-015\62626-015_20260728180702\Slot02|BACK","HOLD_BACK_NOTCH_NOT_FOUND","ELIGIBLE_CANDIDATES_DISAGREE","_ArgosReview/C15RUN2/i/Coherent_W2W_Lot_62626-015_62626-015_20260_99f72db1f5/back_notch","1","1","0","179.9","133.77482762176","0.9558641975308642","0.9722222222222222","1.1373167791678613","0.8620589093030038","0.9722222222222222","2.097167002419015","FULL_360_OUTERMOST_DARK_EXTERIOR_BOUNDARY_BOTH_CHANNELS","False"
"Coherent_W2W\Lot_62626-015\62626-015_20260728180702\Slot08|BACK","HOLD_BACK_NOTCH_NOT_FOUND","ELIGIBLE_CANDIDATES_DISAGREE","_ArgosReview/C15RUN2/i/Coherent_W2W_Lot_62626-015_62626-015_20260_009f35ef13/back_notch","1","1","0","179.9","189.758493036239","0.9641744548286605","0.9722222222222222","1.4164354004677093","0.8557184750733138","0.9583333333333334","1.7623486122424807","FULL_360_OUTERMOST_DARK_EXTERIOR_BOUNDARY_BOTH_CHANNELS","False"
"Coherent_W2W\Lot_62626-015\62626-015_20260728180702\Slot10|BACK","HOLD_BACK_NOTCH_NOT_FOUND","ELIGIBLE_CANDIDATES_DISAGREE","_ArgosReview/C15RUN2/i/Coherent_W2W_Lot_62626-015_62626-015_20260_bad528bfc0/back_notch","1","1","0","180.2","133.803427818674","0.9468052583307857","0.9722222222222222","1.1878138177709339","0.8505981908374671","0.9305555555555556","1.812069019510495","FULL_360_OUTERMOST_DARK_EXTERIOR_BOUNDARY_BOTH_CHANNELS","False"
"Coherent_W2W\Lot_62627-195\62627-195_20260728145720\Slot25|BACK","HOLD_BACK_NOTCH_NOT_FOUND","ELIGIBLE_CANDIDATES_DISAGREE","_ArgosReview/C15RUN2/i/Coherent_W2W_Lot_62627-195_62627-195_20260_88af2ba59c/back_notch","1","2","0","179.6","133.406939641131;224.132022181874","0.9347172081829122","0.9722222222222222","0.7971201874753846","0.9352472089314194","0.9444444444444444","1.7246943935637367","FULL_360_OUTERMOST_DARK_EXTERIOR_BOUNDARY_BOTH_CHANNELS","False"
"Coherent_W2W\Lot_62627-195\62627-195_20260729054031\Slot25|BACK","HOLD_BACK_NOTCH_NOT_FOUND","ELIGIBLE_CANDIDATES_DISAGREE","_ArgosReview/C15RUN2/i/Coherent_W2W_Lot_62627-195_62627-195_20260_89c4596db1/back_notch","1","2","0","180.1","133.613432644228;224.045317905883","0.9348348348348349","0.9583333333333334","0.8061715302243416","0.9398592450415867","0.9444444444444444","1.715136387909743","FULL_360_OUTERMOST_DARK_EXTERIOR_BOUNDARY_BOTH_CHANNELS","False"
"Coherent_W2W\Lot_62627-195\62627-195_20260729081657\Slot25|BACK","HOLD_BACK_NOTCH_NOT_FOUND","ELIGIBLE_CANDIDATES_DISAGREE","_ArgosReview/C15RUN2/i/Coherent_W2W_Lot_62627-195_62627-195_20260_348cc352d6/back_notch","1","1","0","180.1","224.356474508247","0.9320359281437126","0.9583333333333334","0.7988747953851277","0.9359464627151052","0.9444444444444444","1.716540563760234","FULL_360_OUTERMOST_DARK_EXTERIOR_BOUNDARY_BOTH_CHANNELS","False"
"Coherent_W2W\Lot_62628-233\62628-233_20260729052723\Slot20|BACK","HOLD_BACK_NOTCH_NOT_FOUND","ELIGIBLE_CANDIDATES_DISAGREE","_ArgosReview/C15RUN2/i/Coherent_W2W_Lot_62628-233_62628-233_20260_c8c29ee2d4/back_notch","3","1","0","224.5;228;179.6","354.906222857161","0.916838084043491","0.9861111111111112","0.964803872461993","0.9418979987088444","0.9444444444444444","1.6307440985409536","FULL_360_OUTERMOST_DARK_EXTERIOR_BOUNDARY_BOTH_CHANNELS","False"
"Coherent_W2W\Lot-62627-127\62627-127_20260728152158\Slot18|BACK","HOLD_BACK_NOTCH_NOT_FOUND","ELIGIBLE_CANDIDATES_DISAGREE","_ArgosReview/C15RUN2/i/Coherent_W2W_Lot-62627-127_62627-127_20260_564ddc94e4/back_notch","1","1","0","180.2","133.870816371902","0.9590643274853801","0.9722222222222222","0.9973561683250995","0.966022651565623","0.9166666666666666","1.8243789112432045","FULL_360_OUTERMOST_DARK_EXTERIOR_BOUNDARY_BOTH_CHANNELS","False"
"PST_BREAK_RESIST\Lot_62617-215D_20260715122804\62617-215D_20260715122804\Slot25|BACK","HOLD_BACK_NOTCH_NOT_FOUND","ELIGIBLE_CANDIDATES_DISAGREE","_ArgosReview/C15RUN2/i/PST_BREAK_RESIST_Lot_62617-215D_2026071512_d741e04641/back_notch","1","2","0","3.2","89.9770924358678;133.000216773753","1","1","39.25284716733536","0.9347699475829936","0.9861111111111112","1.5715373562030042","FULL_360_OUTERMOST_DARK_EXTERIOR_BOUNDARY_BOTH_CHANNELS","False"
"PST_BRK_PATTERNED_BOWCOMP\Lot_62624-803\62624-803_20260720171228\Slot10|BACK","HOLD_BACK_NOTCH_NOT_FOUND","ELIGIBLE_CANDIDATES_DISAGREE","_ArgosReview/C15RUN2/i/PST_BRK_PATTERNED_BOWCOMP_Lot_62624-803_62_e7613eadfe/back_notch","4","2","0","296.1;225.2;291.6;227.9","89.763166860437;133.72623976514","0.8707310189105278","0.9583333333333334","1.3632305758876497","0.9311508606142423","0.9166666666666666","1.1789475703597792","FULL_360_OUTERMOST_DARK_EXTERIOR_BOUNDARY_BOTH_CHANNELS","False"
"PST_BRKFULLMETAL\Lot_62546-481\62546-481\Slot17|BACK","HOLD_BACK_NOTCH_NOT_FOUND","ELIGIBLE_CANDIDATES_DISAGREE","_ArgosReview/C15RUN2/i/PST_BRKFULLMETAL_Lot_62546-481_62546-481_S_909f27066b/back_notch","1","1","0","89.7","133.704712357234","0.9824561403508771","0.9861111111111112","0.8068416612801166","0.965","0.9722222222222222","1.6973213915338625","FULL_360_OUTERMOST_DARK_EXTERIOR_BOUNDARY_BOTH_CHANNELS","False"
"PST_BRKFULLMETAL\Lot_62546-481\ProcessJob0\Slot17|BACK","HOLD_BACK_NOTCH_NOT_FOUND","ELIGIBLE_CANDIDATES_DISAGREE","_ArgosReview/C15RUN2/i/PST_BRKFULLMETAL_Lot_62546-481_ProcessJob0_74c57fd751/back_notch","1","1","0","89.7","133.704712357234","0.9824561403508771","0.9861111111111112","0.8068416612801166","0.965","0.9722222222222222","1.6973213915338625","FULL_360_OUTERMOST_DARK_EXTERIOR_BOUNDARY_BOTH_CHANNELS","False"
"Coherent_W2W\Lot_62627-195\62627-195_20260728145720\Slot20|BACK","HOLD_BACK_NOTCH_MULTIPLE_BF_DF_MATCHES","MULTIPLE_CROSS_CHANNEL_PAIRS","_ArgosReview/C15RUN2/i/Coherent_W2W_Lot_62627-195_62627-195_20260_15d283a585/back_notch","3","3","2","224.4;228.1;179.7","133.399304064186;179.70106054392;223.915196497263","0.9420814479638009","0.9861111111111112","0.8722354608659563","0.9590088712144387","0.9861111111111112","1.9775068115618615","FULL_360_OUTERMOST_DARK_EXTERIOR_BOUNDARY_BOTH_CHANNELS","False"
"PST_BRKFULLMETAL\Lot_LotIDStringNotSet\ProcessJob11\Slot19|BACK","HOLD_BACK_NOTCH_NOT_FOUND","NO_ELIGIBLE_CANDIDATE_EITHER_CHANNEL","_ArgosReview/C15RUN2/i/PST_BRKFULLMETAL_Lot_LotIDStringNotSet_Pro_c614a0bd3a/back_notch","0","0","0","","","0.7710427135678392","0.9444444444444444","2.3225364430897484","0.9515723270440252","0.9722222222222222","3.0945757139690904","FULL_360_OUTERMOST_DARK_EXTERIOR_BOUNDARY_BOTH_CHANNELS","False"
